<metadata xml:lang="en"><Esri><CreaDate>20180618</CreaDate><CreaTime>14191200</CreaTime><ArcGISFormat>1.0</ArcGISFormat><ArcGISstyle>FGDC CSDGM Metadata</ArcGISstyle><SyncOnce>FALSE</SyncOnce><DataProperties><itemProps><itemName Sync="TRUE">Pipeline_Installations_GCS_NAD83</itemName><nativeExtBox><westBL Sync="TRUE">-119.998044</westBL><eastBL Sync="TRUE">-110.007331</eastBL><southBL Sync="TRUE">49.003009</southBL><northBL Sync="TRUE">59.640459</northBL><exTypeCode Sync="TRUE">1</exTypeCode></nativeExtBox><itemSize Sync="TRUE">0.144</itemSize><itemLocation><linkage Sync="TRUE">file://\\CalFsrv\Share0\Information Management\Info Sharing and Tracking\Spatial Data Products\Data\Pipeline Installations\IDA_Pipeline_Installations\DEV\Pipeline_Installations_SHP\Pipeline_Installations_GCS_NAD83.shp</linkage><protocol Sync="TRUE">Local Area Network</protocol></itemLocation><imsContentType Sync="TRUE">002</imsContentType></itemProps><coordRef><type Sync="TRUE">Geographic</type><geogcsn Sync="TRUE">GCS_North_American_1983</geogcsn><csUnits Sync="TRUE">Angular Unit: Degree (0.017453)</csUnits><peXml Sync="TRUE">&lt;GeographicCoordinateSystem xsi:type='typens:GeographicCoordinateSystem' xmlns:xsi='http://www.w3.org/2001/XMLSchema-instance' xmlns:xs='http://www.w3.org/2001/XMLSchema' xmlns:typens='http://www.esri.com/schemas/ArcGIS/10.1'&gt;&lt;WKT&gt;GEOGCS[&amp;quot;GCS_North_American_1983&amp;quot;,DATUM[&amp;quot;D_North_American_1983&amp;quot;,SPHEROID[&amp;quot;GRS_1980&amp;quot;,6378137.0,298.257222101]],PRIMEM[&amp;quot;Greenwich&amp;quot;,0.0],UNIT[&amp;quot;Degree&amp;quot;,0.0174532925199433],AUTHORITY[&amp;quot;EPSG&amp;quot;,4269]]&lt;/WKT&gt;&lt;XOrigin&gt;-400&lt;/XOrigin&gt;&lt;YOrigin&gt;-400&lt;/YOrigin&gt;&lt;XYScale&gt;11258999068426.238&lt;/XYScale&gt;&lt;ZOrigin&gt;-100000&lt;/ZOrigin&gt;&lt;ZScale&gt;10000&lt;/ZScale&gt;&lt;MOrigin&gt;-100000&lt;/MOrigin&gt;&lt;MScale&gt;10000&lt;/MScale&gt;&lt;XYTolerance&gt;8.9831528411952133e-009&lt;/XYTolerance&gt;&lt;ZTolerance&gt;0.001&lt;/ZTolerance&gt;&lt;MTolerance&gt;0.001&lt;/MTolerance&gt;&lt;HighPrecision&gt;true&lt;/HighPrecision&gt;&lt;LeftLongitude&gt;-180&lt;/LeftLongitude&gt;&lt;WKID&gt;4269&lt;/WKID&gt;&lt;LatestWKID&gt;4269&lt;/LatestWKID&gt;&lt;/GeographicCoordinateSystem&gt;</peXml></coordRef></DataProperties><SyncDate>20180704</SyncDate><SyncTime>14370000</SyncTime><ModDate>20180704</ModDate><ModTime>14370000</ModTime><scaleRange><minScale>150000000</minScale><maxScale>5000</maxScale></scaleRange><ArcGISProfile>NAP</ArcGISProfile></Esri><mdLang><languageCode value="eng"/><countryCode value="USA" Sync="TRUE"/></mdLang><mdChar><CharSetCd value="004"/></mdChar><mdHrLv><ScopeCd value="005"/></mdHrLv><mdContact><rpOrgName>AER (Alberta Energy Regulator)</rpOrgName><rpPosName>Information Services – Information Management Branch</rpPosName><rpCntInfo><cntPhone><voiceNum>1-855-297-8311</voiceNum></cntPhone><cntAddress><delPoint>Suite 1000, 250 - 5th Street SW</delPoint><city>Calgary</city><adminArea>Alberta</adminArea><postCode>T2P 0R4</postCode><country>CA</country><eMailAdd>InformationRequest@aer.ca</eMailAdd></cntAddress><cntHours>08:30 to 16:30 Monday to Friday</cntHours><cntInstr>For General Inquiries Contact the Customer Contact Centre at: Phone: 403-297-8311 Toll-free: 1-855-297-8311 For Product Services Section: Phone: (403) 297-8311 select 2</cntInstr></rpCntInfo><role><RoleCd value="010"/></role></mdContact><mdStanName>ArcGIS Metadata</mdStanName><mdStanVer>1.0</mdStanVer><distInfo><distributor><distorCont><rpOrgName>AER (Alberta Energy Regulator)</rpOrgName><rpPosName>Information Services – Information Management Branch</rpPosName><rpCntInfo><cntPhone><voiceNum>1-855-297-8311</voiceNum></cntPhone><cntAddress><delPoint>Suite 1000, 250 - 5th Street SW</delPoint><city>Calgary</city><adminArea>Alberta</adminArea><postCode>T2P 0R4</postCode><country>CA</country><eMailAdd>InformationRequest@aer.ca</eMailAdd></cntAddress><cntHours>08:30 to 16:30 Monday to Friday</cntHours><cntInstr>For General Inquiries Contact the Customer Contact Centre at: Phone: 403-297-8311 Toll-free: 1-855-297-8311 For Product Services Section: Phone: (403) 297-8311 select 2</cntInstr></rpCntInfo><role><RoleCd value="005"/></role></distorCont><distorOrdPrc><ordInstr>To place an order, email informationrequest@aer.ca with the following information: * contact information (name, address, and telephone number), * product name and format, and * any other information required in the “request by” field. http://www1.aer.ca/ProductCatalogue/ordering.html</ordInstr></distorOrdPrc></distributor><distFormat><formatVer>ArcGIS 10.3.1</formatVer><formatName Sync="TRUE">Shapefile</formatName></distFormat><distTranOps><transSize Sync="TRUE">0.144</transSize></distTranOps></distInfo><dataIdInfo><idCitation><date><pubDate>2014-04-16T00:00:00</pubDate></date><citRespParty><rpOrgName>AER (Alberta Energy Regulator)</rpOrgName><rpPosName>Information Services – Information Management Branch</rpPosName><rpCntInfo><cntPhone><voiceNum>1-855-297-8311</voiceNum></cntPhone><cntAddress><delPoint>Suite 1000, 250 - 5th Street SW</delPoint><city>Calgary</city><adminArea>Alberta</adminArea><postCode>T2P 0R4</postCode><country>CA</country><eMailAdd>InformationRequest@aer.ca</eMailAdd></cntAddress><cntHours>08:30 to 16:30 Monday to Friday</cntHours><cntInstr>For General Inquiries Contact the Customer Contact Centre at: Phone: 403-297-8311 Toll-free: 1-855-297-8311 For Product Services Section: Phone: (403) 297-8311 select 2</cntInstr></rpCntInfo><role><RoleCd value="006"/></role></citRespParty><presForm><PresFormCd value="005"/></presForm><resTitle Sync="TRUE">Pipeline_Installations_GCS_NAD83</resTitle></idCitation><idAbs>&lt;DIV STYLE="text-align:Left;"&gt;&lt;DIV&gt;&lt;DIV&gt;&lt;P&gt;&lt;SPAN&gt;An Installation that is part of a pipeline and covered by the pipeline licence. A pipeline installation includes a compressor station, pump station, tank farm, oil loading/unloading terminal associated with pipelines carrying processed (sales) product. Also includes category C &amp;amp; D Line heaters. In 1996 Directive 056 described them as facility applications under the Oil &amp;amp; Gas Conservation Act but in 2003 were deemed to be Pipeline Installations as they are under the jurisdiction of the Pipeline Act. A pipeline installation will be linked to a pipeline licence. There may be line segments associate with the pipeline installation licence or it may be a stand-alone installation on a licence. Meter stations and regulator stations are not considered pipeline installations as they are associated with low pressure pipeline systems &lt;/SPAN&gt;&lt;SPAN&gt;(&amp;lt; 700 kpa MOP) and would be under the jurisdiction of Alberta Agriculture and Rural Development. &lt;/SPAN&gt;&lt;/P&gt;&lt;P&gt;&lt;SPAN /&gt;&lt;/P&gt;&lt;/DIV&gt;&lt;/DIV&gt;&lt;/DIV&gt;</idAbs><idPurp>This dataset is intended for mapping purposes and represents the best information available to the AER at the date of publication. Specific pipeline installations information should be obtained from the survey plans, owners and field observation.</idPurp><idStatus><ProgCd value="007"/></idStatus><resMaint><maintFreq><MaintFreqCd value="009"/></maintFreq></resMaint><placeKeys><keyword>Canada</keyword><keyword>Alberta</keyword></placeKeys><themeKeys><keyword>pipeline licence</keyword><keyword>oil transportation</keyword><keyword>pipeline locations</keyword></themeKeys><searchKeys><keyword>pipeline licence</keyword><keyword>oil transportation</keyword><keyword>Canada</keyword><keyword>Alberta</keyword><keyword>pipeline locations</keyword></searchKeys><resConst><LegConsts><accessConsts><RestrictCd value="008"/></accessConsts><othConsts>The general public must acquire this data from the Information Services Branch of the AER.</othConsts></LegConsts></resConst><resConst><LegConsts><useLimit>The Alberta Energy Regulator (AER) has not verified and makes no representation or warranty as to the accuracy, completeness, or reliability of any information or data in this document or that it will be suitable for any particular purpose or use. The AER is not responsible for any inaccuracies, errors or omissions in the information or data and is not liable for any direct or indirect losses arising out of any use of this information. For additional information about the limitations and restrictions applicable to this document, please refer to the AER Copyright &amp; Disclaimer webpage: http://www.aer.ca/copyright-disclaimer.</useLimit></LegConsts></resConst><resConst><LegConsts><useConsts><RestrictCd value="001"/></useConsts><othConsts>Users of the AER data files are permitted to use the files to select and process data for internal or client use and to release copies of small portions of the files on computer media, that result from specialized retrievals, to their clients; copying of a complete file or a large portion of a file for resale is not permitted.</othConsts></LegConsts></resConst><resConst><SecConsts><class><ClasscationCd value="001"/></class><userNote>Designated as Unrestricted under the Government of Alberta Information Security Classification System</userNote><classSys>Government of Alberta Security Classification Guidelines</classSys><handDesc>http://www.im.gov.ab.ca/publications/pdf/InfoSecurityClassification.pdf</handDesc></SecConsts></resConst><spatRpType><SpatRepTypCd value="001"/></spatRpType><dataLang><languageCode value="eng"/><countryCode value="USA" Sync="TRUE"/></dataLang><dataChar><CharSetCd value="004"/></dataChar><dataExt><geoEle><GeoBndBox><exTypeCode>true</exTypeCode><westBL>-119.998044</westBL><eastBL>-110.007331</eastBL><southBL>49.003009</southBL><northBL>59.640459</northBL></GeoBndBox></geoEle><tempEle><TempExtent><exTemp><TM_Period gmlID="ID0ELIAE"><tmBegin>2014-01-01T00:00:00</tmBegin><tmEnd date="unknown"/></TM_Period></exTemp></TempExtent></tempEle></dataExt><envirDesc Sync="TRUE">Microsoft Windows 7 Version 6.1 (Build 7601) Service Pack 1; Esri ArcGIS 10.1.1.3300</envirDesc><dataExt><geoEle xmlns=""><GeoBndBox esriExtentType="search"><exTypeCode Sync="TRUE">1</exTypeCode><westBL Sync="TRUE">-119.998044</westBL><eastBL Sync="TRUE">-110.007331</eastBL><northBL Sync="TRUE">59.640459</northBL><southBL Sync="TRUE">49.003009</southBL></GeoBndBox></geoEle></dataExt><tpCat><TopicCatCd value="019"/></tpCat><tpCat><TopicCatCd value="018"/></tpCat><tpCat><TopicCatCd value="013"/></tpCat><tpCat><TopicCatCd value="015"/></tpCat><tpCat><TopicCatCd value="005"/></tpCat></dataIdInfo><mdMaint><maintFreq><MaintFreqCd value="002"/></maintFreq></mdMaint><dqInfo><dqScope><scpLvl><ScopeCd value="005"/></scpLvl></dqScope><dataLineage><statement>The Pipeline Installation dataset represents a installation that is part of a pipeline and covered by the pipeline licence across the Province of Alberta.  This data is extracted from the AER's FC_Pipeline_Installation _Point dataset, which contains information provided by industry, and merged to an attribute file by license and installation number to create 2  Pipeline_Installation shapefiles in the GCS_NAD83 and NAD83_10TM_AEPForest projections.  These pipeline installations are licensed by the AER and have been positioned according to the AER records.</statement></dataLineage></dqInfo><refSysInfo><RefSystem dimension="horizontal"><refSysID><identCode code="4269"/><idCodeSpace Sync="TRUE">EPSG</idCodeSpace><idVersion Sync="TRUE">7.11.2</idVersion></refSysID></RefSystem></refSysInfo><eainfo><detailed Name="Pipeline_Installations_GCS_NAD83" xmlns=""><enttyp><enttypl Sync="TRUE">Pipeline_Installations_GCS_NAD83</enttypl><enttypt Sync="TRUE">Feature Class</enttypt><enttypc Sync="TRUE">5397</enttypc><enttypd>An installation that is part of a pipeline and covered by the pipeline licence.</enttypd><enttypds>AER (Alberta Energy Regulator</enttypds></enttyp><attr xmlns=""><attrlabl Sync="TRUE">FID</attrlabl><attalias Sync="TRUE">FID</attalias><attrtype Sync="TRUE">OID</attrtype><attwidth Sync="TRUE">4</attwidth><atprecis Sync="TRUE">0</atprecis><attscale Sync="TRUE">0</attscale><attrdef Sync="TRUE">Internal feature number.</attrdef><attrdefs Sync="TRUE">Esri</attrdefs><attrdomv><udom Sync="TRUE">Sequential unique whole numbers that are automatically generated.</udom></attrdomv></attr><attr xmlns=""><attrlabl Sync="TRUE">Shape</attrlabl><attalias Sync="TRUE">Shape</attalias><attrtype Sync="TRUE">Geometry</attrtype><attwidth Sync="TRUE">0</attwidth><atprecis Sync="TRUE">0</atprecis><attscale Sync="TRUE">0</attscale><attrdef Sync="TRUE">Feature geometry.</attrdef><attrdefs Sync="TRUE">Esri</attrdefs><attrdomv><udom Sync="TRUE">Coordinates defining the features.</udom></attrdomv></attr><attr xmlns=""><attrlabl Sync="TRUE">LICINSTNO</attrlabl><attalias Sync="TRUE">LICINSTNO</attalias><attrtype Sync="TRUE">String</attrtype><attwidth Sync="TRUE">20</attwidth><atprecis Sync="TRUE">0</atprecis><attscale Sync="TRUE">0</attscale><attrdef>A concatenation of INSTA_LIC and INSTA_NUM to make a specific installation unique.</attrdef><attrdefs>AER (Alberta Energy Regulator)</attrdefs></attr><attr xmlns=""><attrlabl Sync="TRUE">INSTA_LIC</attrlabl><attalias Sync="TRUE">INSTA_LIC</attalias><attrtype Sync="TRUE">String</attrtype><attwidth Sync="TRUE">10</attwidth><atprecis Sync="TRUE">0</atprecis><attscale Sync="TRUE">0</attscale><attrdef>The pipeline licence number</attrdef><attrdefs>AER (Alberta Energy Regulator)</attrdefs></attr><attr xmlns=""><attrlabl Sync="TRUE">INSTA_NUM</attrlabl><attalias Sync="TRUE">INSTA_NUM</attalias><attrtype Sync="TRUE">String</attrtype><attwidth Sync="TRUE">9</attwidth><atprecis Sync="TRUE">0</atprecis><attscale Sync="TRUE">0</attscale><attrdef>A number identifying an installation that is part of a pipeline and is covered by the pipeline licence.</attrdef><attrdefs>AER (Alberta Energy Regulator)</attrdefs></attr><attr xmlns=""><attrlabl Sync="TRUE">INSTA_TYPE</attrlabl><attalias Sync="TRUE">INSTA_TYPE</attalias><attrtype Sync="TRUE">String</attrtype><attwidth Sync="TRUE">30</attwidth><atprecis Sync="TRUE">0</atprecis><attscale Sync="TRUE">0</attscale><attrdef>The type of pipeline installation.
List include
CS - Compressor station
PS - Pump station
RS - Regulator station
MS - Meter station 
MR - Meter/Regulation station
LH - Line heater
LR - Oil terminal</attrdef><attrdefs>AER (Alberta Energy Regulator)</attrdefs></attr><attr xmlns=""><attrlabl Sync="TRUE">BA_ID</attrlabl><attalias Sync="TRUE">BA_ID</attalias><attrtype Sync="TRUE">String</attrtype><attwidth Sync="TRUE">6</attwidth><atprecis Sync="TRUE">0</atprecis><attscale Sync="TRUE">0</attscale><attrdef>A business associate code obtained from Petrinex (Canada's Petroleum Information Network) that identifies licensees, agents or any company that does business with the AER (ie. drilling companies)</attrdef><attrdefs>AER (Alberta Energy Regulator)</attrdefs></attr><attr xmlns=""><attrlabl Sync="TRUE">BA_NAME</attrlabl><attalias Sync="TRUE">BA_NAME</attalias><attrtype Sync="TRUE">String</attrtype><attwidth Sync="TRUE">50</attwidth><atprecis Sync="TRUE">0</atprecis><attscale Sync="TRUE">0</attscale><attrdef>Name of the business associate, usually the legal name. A business associate's name can change over time</attrdef><attrdefs>AER (Alberta Energy Regulator)</attrdefs></attr><attr xmlns=""><attrlabl Sync="TRUE">PERM_APPR</attrlabl><attalias Sync="TRUE">PERM_APPR</attalias><attrtype Sync="TRUE">Date</attrtype><attwidth Sync="TRUE">8</attwidth><atprecis Sync="TRUE">0</atprecis><attscale Sync="TRUE">0</attscale><attrdef>It is the date of the most recent approval of an application related to that installation. </attrdef><attrdefs>AER (Alberta Energy Regulator)</attrdefs></attr><attr xmlns=""><attrlabl Sync="TRUE">PERM_EXPIR</attrlabl><attalias Sync="TRUE">PERM_EXPIR</attalias><attrtype Sync="TRUE">Date</attrtype><attwidth Sync="TRUE">8</attwidth><atprecis Sync="TRUE">0</atprecis><attscale Sync="TRUE">0</attscale><attrdef>The date that the segment or installation will convert from Permitted status to Operating status, normally one year from the permit date. </attrdef><attrdefs>AER (Alberta Energy Regulator)</attrdefs></attr><attr xmlns=""><attrlabl Sync="TRUE">POWER</attrlabl><attalias Sync="TRUE">POWER</attalias><attrtype Sync="TRUE">Double</attrtype><attwidth Sync="TRUE">25</attwidth><atprecis Sync="TRUE">24</atprecis><attscale Sync="TRUE">10</attscale><attrdef>Power rating of the Pipeline Installation.  Only valid for pumping stations.</attrdef><attrdefs>AER (Alberta Energy Regulator)</attrdefs></attr><attr xmlns=""><attrlabl Sync="TRUE">PRIME_SORC</attrlabl><attalias Sync="TRUE">PRIME_SORC</attalias><attrtype Sync="TRUE">String</attrtype><attwidth Sync="TRUE">50</attwidth><atprecis Sync="TRUE">0</atprecis><attscale Sync="TRUE">0</attscale><attrdef>The power source at a pipeline installation.</attrdef><attrdefs>AER (Alberta Energy Regulator)</attrdefs></attr><attr xmlns=""><attrlabl Sync="TRUE">GEOM_SRCE</attrlabl><attalias Sync="TRUE">GEOM_SRCE</attalias><attrtype Sync="TRUE">String</attrtype><attwidth Sync="TRUE">50</attwidth><atprecis Sync="TRUE">0</atprecis><attscale Sync="TRUE">0</attscale><attrdef>The source of the geometry for the feature.</attrdef><attrdefs>AER (Alberta Energy Regulator)</attrdefs><attrdomv><edom><edomv>As-Planned</edomv><edomvd>Pipeline drawings created during the planning stage</edomvd><edomvds>AER (Alberta Energy Regulator)</edomvds></edom><edom><edomv>Constructed</edomv><edomvd>Construction drawing generated in support of Pipeline construction</edomvd><edomvds>AER (Alberta Energy Regulator)</edomvds></edom><edom><edomv>As-Built</edomv><edomvd>Pipeline drawings dipicting the actual location of the pipeline infrastructure post construction</edomvd><edomvds>AER (Alberta Energy Regulator)</edomvds></edom><edom><edomv>ROW Centreline</edomv><edomvd>Location of the pipeline as defined by the Centre of the Row of Way</edomvd><edomvds>AER (Alberta Energy Regulator)</edomvds></edom><edom><edomv>Mapping</edomv><edomvd>AER manipulated Spatial Data in support of Base Plan products</edomvd><edomvds>AER (Alberta Energy Regulator)</edomvds></edom></attrdomv></attr><attr xmlns=""><attrlabl Sync="TRUE">INST_LOCAT</attrlabl><attalias Sync="TRUE">INST_LOCAT</attalias><attrtype Sync="TRUE">String</attrtype><attwidth Sync="TRUE">50</attwidth><atprecis Sync="TRUE">0</atprecis><attscale Sync="TRUE">0</attscale><attrdef>A sequential number that uniquely identifies the legal subdivision where a pipeline installation is located.</attrdef><attrdefs>AER(Alberta Energy Regulator)</attrdefs></attr><attr xmlns=""><attrlabl Sync="TRUE">PLINSTATUS</attrlabl><attalias Sync="TRUE">PLINSTATUS</attalias><attrtype Sync="TRUE">String</attrtype><attwidth Sync="TRUE">30</attwidth><atprecis Sync="TRUE">0</atprecis><attscale Sync="TRUE">0</attscale><attrdefs>AER (Alberta Energy Regulator)</attrdefs><attrdef>The operating status of the installations.</attrdef><attrdomv><edom><edomv>Abandoned</edomv><edomvd>The permanent deactivation of a pipeline installations done in a manner that ensures the Installation is left in a permanently safe and secure condition.</edomvd><edomvds>AER (Alberta Energy Regulator)</edomvds></edom><edom><edomv>Discontinued</edomv><edomvd>The temporary deactivation of a pipeline installation.</edomvd><edomvds>AER (Alberta Energy Regulator)</edomvds></edom><edom><edomv>Not Constructed</edomv><edomvd>The pipeline installation was not constructed prior to expiry of the permit. If the licensee wants to construct after permit expiry they must reapply for approval.</edomvd><edomvds>AER (Alberta Energy Regulator)</edomvds></edom><edom><edomv>Operating</edomv><edomvd>Pipeline Installation is approved, constructed, licensed and carrying substance.</edomvd><edomvds>AER (Alberta Energy Regulator)</edomvds></edom><edom><edomv>Permitted</edomv><edomvd>A Pipeline installation has been approved for construction, and may or may not be constructed and/or operating. Permitted status stays as such for one year after approval for construction has been given. Construction must begin within that time frame.</edomvd><edomvds>AER (Alberta Energy Regulator)</edomvds></edom><edom><edomv>Removed</edomv><edomvd>Pipelines Installations to be removed or partially removed, including crossings of roads, railways, and watercourses.</edomvd><edomvds>AER (Alberta Energy Regulator)</edomvds></edom></attrdomv></attr><attr xmlns=""><attrlabl Sync="TRUE">ORG_LICNO</attrlabl><attalias Sync="TRUE">ORG_LICNO</attalias><attrtype Sync="TRUE">String</attrtype><attwidth Sync="TRUE">10</attwidth><atprecis Sync="TRUE">0</atprecis><attscale Sync="TRUE">0</attscale><attrdef>The original licence number for the installation.This is used to track the original licence where a segment is transfered to another licence.</attrdef><attrdefs>AER (Alberta Energy Regulator)</attrdefs></attr><attr xmlns=""><attrlabl Sync="TRUE">ORG_INSTID</attrlabl><attalias Sync="TRUE">ORG_INSTID</attalias><attrtype Sync="TRUE">String</attrtype><attwidth Sync="TRUE">20</attwidth><atprecis Sync="TRUE">0</atprecis><attscale Sync="TRUE">0</attscale><attrdef>The original installation number for the installation. This is used to track the original license where an installation is transferred to another license.</attrdef><attrdefs>AER (Alberta Energy Regulator)</attrdefs></attr><attr xmlns=""><attrlabl Sync="TRUE">ORG_ISS_DA</attrlabl><attalias Sync="TRUE">ORG_ISS_DA</attalias><attrtype Sync="TRUE">Date</attrtype><attwidth Sync="TRUE">8</attwidth><atprecis Sync="TRUE">0</atprecis><attscale Sync="TRUE">0</attscale><attrdef>The original date the installation was licensed. This is used to track the original licence where an installation is transferred to another licence.</attrdef><attrdefs>AER (Albera Energy Regulator)</attrdefs></attr><attr xmlns=""><attrlabl Sync="TRUE">FLD_CENTRE</attrlabl><attalias Sync="TRUE">FLD_CENTRE</attalias><attrtype Sync="TRUE">String</attrtype><attwidth Sync="TRUE">40</attwidth><atprecis Sync="TRUE">0</atprecis><attscale Sync="TRUE">0</attscale><attrdef>Name of field centre.</attrdef><attrdefs>AER (Alberta Energy Regulator)</attrdefs></attr><attr xmlns=""><attrlabl Sync="TRUE">H2S_CONT</attrlabl><attalias Sync="TRUE">H2S_CONT</attalias><attrtype Sync="TRUE">String</attrtype><attwidth Sync="TRUE">40</attwidth><atprecis Sync="TRUE">0</atprecis><attscale Sync="TRUE">0</attscale><attrdef>Hydrogen Sulfide content of the substance that is handled by the installation in mol/kmol.</attrdef><attrdefs>AER (Alberta Energy Regulator)</attrdefs></attr><attr xmlns=""><attrlabl Sync="TRUE">SUBSTANCE1</attrlabl><attalias Sync="TRUE">SUBSTANCE1</attalias><attrtype Sync="TRUE">String</attrtype><attwidth Sync="TRUE">40</attwidth><atprecis Sync="TRUE">0</atprecis><attscale Sync="TRUE">0</attscale><attrdef>A substance that is used by or results from petroleum and natural gas operations. 

Note: If the pipeline segment carries multiple substances, the highest priority substance will be applied.</attrdef><attrdefs>AER (Alberta Energy Regulator)</attrdefs><attrdomv><edom xmlns=""><edomv>Sour Natural Gas</edomv><edomvd>Natural Gas with &gt;10 mol/kmol of H2S content</edomvd><edomvds>AER (Alberta Energy Regulator)</edomvds></edom><edom xmlns=""><edomv>HVP Products</edomv><edomvd>Butane, ethylene, propane, pentanes, liquid ethane</edomvd><edomvds>AER (Alberta Energy Regulator)</edomvds></edom><edom xmlns=""><edomv>LVP Products</edomv><edomvd>Condensate, diesel fuel, gasoline, heating oil, hydrocarbons diluents, kerosene, solvents</edomvd><edomvds>AER (Alberta Energy Regulator)</edomvds></edom><edom xmlns=""><edomv>Crude oil</edomv><edomvd>Blended crude bitumen, crude oil, synthetic crude oil</edomvd><edomvds>AER (Alberta Energy Regulator)</edomvds></edom><edom xmlns=""><edomv>Oil well effluent </edomv><edomvd>Multiphase fluids</edomvd><edomvds>AER (Alberta Energy Regulator)</edomvds></edom><edom xmlns=""><edomv>Natural gas</edomv><edomvd>Methane, natural gas with &lt;= 10 mol/kmol of H2S content</edomvd><edomvds>ARE (Alberta Energy Regulator)</edomvds></edom><edom xmlns=""><edomv>Fuel gas</edomv><edomvd>Fuel gas</edomvd><edomvds>ARE (Alberta Energy Regulator)</edomvds></edom><edom xmlns=""><edomv>Salt Water</edomv><edomvd>Produced Water</edomvd><edomvds>ARE (Alberta Energy Regulator)</edomvds></edom><edom xmlns=""><edomv>Miscellaneous liquids</edomv><edomvd>Ammonia, caustic, glycol, methanol, polymer, sulphur, carbon dioxide</edomvd><edomvds>ARE (Alberta Energy Regulator)</edomvds></edom><edom xmlns=""><edomv>Miscellaneous gases</edomv><edomvd>Ammonia, caustic, glycol, methanol, polymer, sulphur, carbon dioxide</edomvd><edomvds>AER (Alberta Energy Regulator)</edomvds></edom><edom xmlns=""><edomv>Fresh Water</edomv><edomvd>Potable water, surface water</edomvd><edomvds>AER (Alberta Energy Regulator)</edomvds></edom></attrdomv></attr><attr xmlns=""><attrlabl Sync="TRUE">SUBSTANCE2</attrlabl><attalias Sync="TRUE">SUBSTANCE2</attalias><attrtype Sync="TRUE">String</attrtype><attwidth Sync="TRUE">40</attwidth><atprecis Sync="TRUE">0</atprecis><attscale Sync="TRUE">0</attscale><attrdef>A substance that is used by or results from petroleum and natural gas operations.</attrdef><attrdefs>AER (Alberta Energy Regulator)</attrdefs><attrdomv><edom xmlns=""><edomv>Sour Natural Gas</edomv><edomvd>Natural Gas with &gt;10 mol/kmol of H2S content</edomvd><edomvds>AER (Alberta Energy Regulator)</edomvds></edom><edom xmlns=""><edomv>HVP Products</edomv><edomvd>Natural Gas with &gt;10 mol/kmol of H2S content</edomvd><edomvds>AER (Alberta Energy Regulator)</edomvds></edom><edom xmlns=""><edomv>LVP Products</edomv><edomvd>Butane, ethylene, propane, pentanes, liquid ethane</edomvd><edomvds>AER (Alberta Energy Regulator)</edomvds></edom><edom xmlns=""><edomv>Crude oil</edomv><edomvd>Blended crude bitumen, crude oil, synthetic crude oil</edomvd><edomvds>AER (Alberta Energy Regulator)</edomvds></edom><edom xmlns=""><edomv>Oil well effluent </edomv><edomvd>Multiphase fluids</edomvd><edomvds>AER (Alberta Energy Regulator)</edomvds></edom><edom xmlns=""><edomv>Natural gas</edomv><edomvd>Methane, natural gas with &lt;= 10 mol/kmol of H2S content</edomvd><edomvds>AER (Alberta Energy Regulator)</edomvds></edom><edom xmlns=""><edomv>Fuel gas</edomv><edomvd>Fuel gas</edomvd><edomvds>AER (Alberta Energy Regulator)</edomvds></edom><edom xmlns=""><edomv>Salt Water</edomv><edomvd>Produeced Water</edomvd><edomvds>AER (Alberta Energy Regulator)</edomvds></edom><edom xmlns=""><edomv>Miscellaneous liquids</edomv><edomvd>Ammonia, caustic, glycol, methanol, polymer, sulphur, carbon dioxide</edomvd><edomvds>AER (Alberta Energy Regulator)</edomvds></edom><edom xmlns=""><edomv>Miscellaneous gases</edomv><edomvd>Air, ammonia, carbon dioxide, ethane, helium, hydrogen, nitrogen, steam</edomvd><edomvds>AER (Alberta Energy Regulator)</edomvds></edom><edom xmlns=""><edomv>Fresh water</edomv><edomvd>Potable water, xurface water</edomvd><edomvds>AER (Alberta Energy Regulator)</edomvds></edom></attrdomv></attr><attr xmlns=""><attrlabl Sync="TRUE">SUBSTANCE3</attrlabl><attalias Sync="TRUE">SUBSTANCE3</attalias><attrtype Sync="TRUE">String</attrtype><attwidth Sync="TRUE">40</attwidth><atprecis Sync="TRUE">0</atprecis><attscale Sync="TRUE">0</attscale><attrdef>A substance that is used by or results from petroleum and natural gas operations.</attrdef><attrdefs>AER (Alberta Energy Regulator)</attrdefs><attrdomv><edom xmlns=""><edomv>Sour Natural Gas</edomv><edomvd>Natural Gas with &gt;10 mol/kmol of H2S content</edomvd><edomvds>AER (Alberta Energy Regulator)</edomvds></edom><edom xmlns=""><edomv>HVP Products</edomv><edomvd>Butane, ethylene, propane, pentanes, liquid ethane</edomvd><edomvds>AER (Alberta Energy Regulator)</edomvds></edom><edom xmlns=""><edomv>LVP Products</edomv><edomvd>Condensate, diesel fuel, gasoline, heating oil, hydrocarbons diluents, kerosene, solvents</edomvd><edomvds>AER (Alberta Energy Regulator)</edomvds></edom><edom xmlns=""><edomv>Crude oil</edomv><edomvd>Blended crude bitumen, crude oil, synthetic crude oil</edomvd><edomvds>AER (Alberta Energy Regulator)</edomvds></edom><edom xmlns=""><edomv>Oil well effluent </edomv><edomvd>Multiphase fluids</edomvd><edomvds>AER (Alberta Energy Regulator)</edomvds></edom><edom xmlns=""><edomv>Natural gas</edomv><edomvd>Methane, natural gas with &lt;= 10 mol/kmol of H2S content</edomvd><edomvds>AER (Alberta Energy Regulator)</edomvds></edom><edom xmlns=""><edomv>Fuel gas</edomv><edomvd>Fuel gas</edomvd><edomvds>AER (Alberta Energy Regulator)</edomvds></edom><edom xmlns=""><edomv>Salt Water</edomv><edomvd>Produced water</edomvd><edomvds>AER (Alberta Energy Regulator)</edomvds></edom><edom xmlns=""><edomv>Miscellaneous liquids</edomv><edomvd>Ammonia, caustic, glycol, methanol, polymer, sulphur, carbon dioxide</edomvd><edomvds>AER (Alberta Energy Regulator)</edomvds></edom><edom xmlns=""><edomv>Miscellaneous gases</edomv><edomvd>Air, ammonia, carbon dioxide, ethane, helium, hydrogen, nitrogen, steam</edomvd><edomvds>AER (Alberta Energy Regulator)</edomvds></edom><edom xmlns=""><edomv>Fresh water</edomv><edomvd>Potable water, surface water</edomvd><edomvds>AER (Alberta Energy Regulator)</edomvds></edom></attrdomv></attr></detailed></eainfo><mdHrLvName Sync="TRUE">dataset</mdHrLvName><spatRepInfo><VectSpatRep><geometObjs Name="Pipeline_Installations_GCS_NAD83"><geoObjTyp><GeoObjTypCd value="004" Sync="TRUE"></GeoObjTypCd></geoObjTyp><geoObjCnt Sync="TRUE">5397</geoObjCnt></geometObjs><topLvl><TopoLevCd value="001" Sync="TRUE"></TopoLevCd></topLvl></VectSpatRep></spatRepInfo><spdoinfo><ptvctinf><esriterm Name="Pipeline_Installations_GCS_NAD83"><efeatyp Sync="TRUE">Simple</efeatyp><efeageom code="1" Sync="TRUE"></efeageom><esritopo Sync="TRUE">FALSE</esritopo><efeacnt Sync="TRUE">5397</efeacnt><spindex Sync="TRUE">FALSE</spindex><linrefer Sync="TRUE">FALSE</linrefer></esriterm></ptvctinf></spdoinfo><mdDateSt Sync="TRUE">20180704</mdDateSt><mdFileID>AEBE1C66-ED6C-4E37-976A-70E3138B92F9</mdFileID></metadata>
