Geo Code,Geo Name,Line Number
"01","Canada",2
"01A0A","A0A",2249
"01A0B","A0B",4496
"01A0C","A0C",6743
"01A0E","A0E",8990
"01A0G","A0G",11237
"01A0H","A0H",13484
"01A0J","A0J",15731
"01A0K","A0K",17978
"01A0L","A0L",20225
"01A0M","A0M",22472
"01A0N","A0N",24719
"01A0P","A0P",26966
"01A0R","A0R",29213
"01A1A","A1A",31460
"01A1B","A1B",33707
"01A1C","A1C",35954
"01A1E","A1E",38201
"01A1G","A1G",40448
"01A1H","A1H",42695
"01A1K","A1K",44942
"01A1L","A1L",47189
"01A1M","A1M",49436
"01A1N","A1N",51683
"01A1S","A1S",53930
"01A1V","A1V",56177
"01A1W","A1W",58424
"01A1X","A1X",60671
"01A1Y","A1Y",62918
"01A2A","A2A",65165
"01A2B","A2B",67412
"01A2H","A2H",69659
"01A2N","A2N",71906
"01A2V","A2V",74153
"01A5A","A5A",76400
"01A8A","A8A",78647
"01B0C","B0C",80894
"01B0E","B0E",83141
"01B0H","B0H",85388
"01B0J","B0J",87635
"01B0K","B0K",89882
"01B0L","B0L",92129
"01B0M","B0M",94376
"01B0N","B0N",96623
"01B0P","B0P",98870
"01B0R","B0R",101117
"01B0S","B0S",103364
"01B0T","B0T",105611
"01B0V","B0V",107858
"01B0W","B0W",110105
"01B1A","B1A",112352
"01B1B","B1B",114599
"01B1C","B1C",116846
"01B1E","B1E",119093
"01B1G","B1G",121340
"01B1H","B1H",123587
"01B1J","B1J",125834
"01B1K","B1K",128081
"01B1L","B1L",130328
"01B1M","B1M",132575
"01B1N","B1N",134822
"01B1P","B1P",137069
"01B1R","B1R",139316
"01B1S","B1S",141563
"01B1T","B1T",143810
"01B1V","B1V",146057
"01B1W","B1W",148304
"01B1X","B1X",150551
"01B1Y","B1Y",152798
"01B2A","B2A",155045
"01B2C","B2C",157292
"01B2E","B2E",159539
"01B2G","B2G",161786
"01B2H","B2H",164033
"01B2J","B2J",166280
"01B2N","B2N",168527
"01B2R","B2R",170774
"01B2S","B2S",173021
"01B2T","B2T",175268
"01B2V","B2V",177515
"01B2W","B2W",179762
"01B2X","B2X",182009
"01B2Y","B2Y",184256
"01B2Z","B2Z",186503
"01B3A","B3A",188750
"01B3B","B3B",190997
"01B3E","B3E",193244
"01B3G","B3G",195491
"01B3H","B3H",197738
"01B3J","B3J",199985
"01B3K","B3K",202232
"01B3L","B3L",204479
"01B3M","B3M",206726
"01B3N","B3N",208973
"01B3P","B3P",211220
"01B3R","B3R",213467
"01B3S","B3S",215714
"01B3T","B3T",217961
"01B3V","B3V",220208
"01B3Z","B3Z",222455
"01B4A","B4A",224702
"01B4B","B4B",226949
"01B4C","B4C",229196
"01B4E","B4E",231443
"01B4G","B4G",233690
"01B4H","B4H",235937
"01B4N","B4N",238184
"01B4P","B4P",240431
"01B4R","B4R",242678
"01B4V","B4V",244925
"01B5A","B5A",247172
"01B6L","B6L",249419
"01B9A","B9A",251666
"01C0A","C0A",253913
"01C0B","C0B",256160
"01C1A","C1A",258407
"01C1B","C1B",260654
"01C1C","C1C",262901
"01C1E","C1E",265148
"01C1N","C1N",267395
"01E1A","E1A",269642
"01E1B","E1B",271889
"01E1C","E1C",274136
"01E1E","E1E",276383
"01E1G","E1G",278630
"01E1H","E1H",280877
"01E1J","E1J",283124
"01E1N","E1N",285371
"01E1V","E1V",287618
"01E1W","E1W",289865
"01E1X","E1X",292112
"01E2A","E2A",294359
"01E2E","E2E",296606
"01E2G","E2G",298853
"01E2H","E2H",301100
"01E2J","E2J",303347
"01E2K","E2K",305594
"01E2L","E2L",307841
"01E2M","E2M",310088
"01E2N","E2N",312335
"01E2P","E2P",314582
"01E2R","E2R",316829
"01E2S","E2S",319076
"01E2V","E2V",321323
"01E3A","E3A",323570
"01E3B","E3B",325817
"01E3C","E3C",328064
"01E3E","E3E",330311
"01E3G","E3G",332558
"01E3L","E3L",334805
"01E3N","E3N",337052
"01E3V","E3V",339299
"01E3Y","E3Y",341546
"01E3Z","E3Z",343793
"01E4A","E4A",346040
"01E4B","E4B",348287
"01E4C","E4C",350534
"01E4E","E4E",352781
"01E4G","E4G",355028
"01E4H","E4H",357275
"01E4J","E4J",359522
"01E4K","E4K",361769
"01E4L","E4L",364016
"01E4M","E4M",366263
"01E4N","E4N",368510
"01E4P","E4P",370757
"01E4R","E4R",373004
"01E4S","E4S",375251
"01E4T","E4T",377498
"01E4V","E4V",379745
"01E4W","E4W",381992
"01E4X","E4X",384239
"01E4Y","E4Y",386486
"01E4Z","E4Z",388733
"01E5A","E5A",390980
"01E5B","E5B",393227
"01E5C","E5C",395474
"01E5E","E5E",397721
"01E5G","E5G",399968
"01E5H","E5H",402215
"01E5J","E5J",404462
"01E5K","E5K",406709
"01E5L","E5L",408956
"01E5M","E5M",411203
"01E5N","E5N",413450
"01E5P","E5P",415697
"01E5R","E5R",417944
"01E5S","E5S",420191
"01E5T","E5T",422438
"01E5V","E5V",424685
"01E6A","E6A",426932
"01E6B","E6B",429179
"01E6C","E6C",431426
"01E6E","E6E",433673
"01E6G","E6G",435920
"01E6H","E6H",438167
"01E6J","E6J",440414
"01E6K","E6K",442661
"01E6L","E6L",444908
"01E7A","E7A",447155
"01E7B","E7B",449402
"01E7C","E7C",451649
"01E7E","E7E",453896
"01E7G","E7G",456143
"01E7H","E7H",458390
"01E7J","E7J",460637
"01E7K","E7K",462884
"01E7L","E7L",465131
"01E7M","E7M",467378
"01E7N","E7N",469625
"01E7P","E7P",471872
"01E8A","E8A",474119
"01E8B","E8B",476366
"01E8C","E8C",478613
"01E8E","E8E",480860
"01E8G","E8G",483107
"01E8J","E8J",485354
"01E8K","E8K",487601
"01E8L","E8L",489848
"01E8M","E8M",492095
"01E8N","E8N",494342
"01E8P","E8P",496589
"01E8R","E8R",498836
"01E8S","E8S",501083
"01E8T","E8T",503330
"01E9A","E9A",505577
"01E9B","E9B",507824
"01E9C","E9C",510071
"01E9E","E9E",512318
"01E9G","E9G",514565
"01E9H","E9H",516812
"01G0A","G0A",519059
"01G0C","G0C",521306
"01G0E","G0E",523553
"01G0G","G0G",525800
"01G0H","G0H",528047
"01G0J","G0J",530294
"01G0K","G0K",532541
"01G0L","G0L",534788
"01G0M","G0M",537035
"01G0N","G0N",539282
"01G0P","G0P",541529
"01G0R","G0R",543776
"01G0S","G0S",546023
"01G0T","G0T",548270
"01G0V","G0V",550517
"01G0W","G0W",552764
"01G0X","G0X",555011
"01G0Y","G0Y",557258
"01G0Z","G0Z",559505
"01G1A","G1A",561752
"01G1B","G1B",563999
"01G1C","G1C",566246
"01G1E","G1E",568493
"01G1G","G1G",570740
"01G1H","G1H",572987
"01G1J","G1J",575234
"01G1K","G1K",577481
"01G1L","G1L",579728
"01G1M","G1M",581975
"01G1N","G1N",584222
"01G1P","G1P",586469
"01G1R","G1R",588716
"01G1S","G1S",590963
"01G1T","G1T",593210
"01G1V","G1V",595457
"01G1W","G1W",597704
"01G1X","G1X",599951
"01G1Y","G1Y",602198
"01G2A","G2A",604445
"01G2B","G2B",606692
"01G2C","G2C",608939
"01G2E","G2E",611186
"01G2G","G2G",613433
"01G2J","G2J",615680
"01G2K","G2K",617927
"01G2L","G2L",620174
"01G2M","G2M",622421
"01G2N","G2N",624668
"01G3A","G3A",626915
"01G3B","G3B",629162
"01G3C","G3C",631409
"01G3E","G3E",633656
"01G3G","G3G",635903
"01G3H","G3H",638150
"01G3J","G3J",640397
"01G3K","G3K",642644
"01G3L","G3L",644891
"01G3M","G3M",647138
"01G3N","G3N",649385
"01G3Z","G3Z",651632
"01G4A","G4A",653879
"01G4R","G4R",656126
"01G4S","G4S",658373
"01G4T","G4T",660620
"01G4V","G4V",662867
"01G4W","G4W",665114
"01G4X","G4X",667361
"01G4Z","G4Z",669608
"01G5A","G5A",671855
"01G5B","G5B",674102
"01G5C","G5C",676349
"01G5H","G5H",678596
"01G5J","G5J",680843
"01G5L","G5L",683090
"01G5M","G5M",685337
"01G5N","G5N",687584
"01G5R","G5R",689831
"01G5T","G5T",692078
"01G5V","G5V",694325
"01G5X","G5X",696572
"01G5Y","G5Y",698819
"01G5Z","G5Z",701066
"01G6A","G6A",703313
"01G6B","G6B",705560
"01G6C","G6C",707807
"01G6E","G6E",710054
"01G6G","G6G",712301
"01G6H","G6H",714548
"01G6J","G6J",716795
"01G6K","G6K",719042
"01G6L","G6L",721289
"01G6P","G6P",723536
"01G6R","G6R",725783
"01G6S","G6S",728030
"01G6T","G6T",730277
"01G6V","G6V",732524
"01G6W","G6W",734771
"01G6X","G6X",737018
"01G6Y","G6Y",739265
"01G6Z","G6Z",741512
"01G7A","G7A",743759
"01G7B","G7B",746006
"01G7G","G7G",748253
"01G7H","G7H",750500
"01G7J","G7J",752747
"01G7K","G7K",754994
"01G7N","G7N",757241
"01G7P","G7P",759488
"01G7S","G7S",761735
"01G7T","G7T",763982
"01G7X","G7X",766229
"01G7Y","G7Y",768476
"01G7Z","G7Z",770723
"01G8A","G8A",772970
"01G8B","G8B",775217
"01G8C","G8C",777464
"01G8E","G8E",779711
"01G8G","G8G",781958
"01G8H","G8H",784205
"01G8J","G8J",786452
"01G8K","G8K",788699
"01G8L","G8L",790946
"01G8M","G8M",793193
"01G8N","G8N",795440
"01G8P","G8P",797687
"01G8T","G8T",799934
"01G8V","G8V",802181
"01G8W","G8W",804428
"01G8Y","G8Y",806675
"01G8Z","G8Z",808922
"01G9A","G9A",811169
"01G9B","G9B",813416
"01G9C","G9C",815663
"01G9H","G9H",817910
"01G9N","G9N",820157
"01G9P","G9P",822404
"01G9R","G9R",824651
"01G9T","G9T",826898
"01G9X","G9X",829145
"01H0M","H0M",831392
"01H1A","H1A",833639
"01H1B","H1B",835886
"01H1C","H1C",838133
"01H1E","H1E",840380
"01H1G","H1G",842627
"01H1H","H1H",844874
"01H1J","H1J",847121
"01H1K","H1K",849368
"01H1L","H1L",851615
"01H1M","H1M",853862
"01H1N","H1N",856109
"01H1P","H1P",858356
"01H1R","H1R",860603
"01H1S","H1S",862850
"01H1T","H1T",865097
"01H1V","H1V",867344
"01H1W","H1W",869591
"01H1X","H1X",871838
"01H1Y","H1Y",874085
"01H1Z","H1Z",876332
"01H2A","H2A",878579
"01H2B","H2B",880826
"01H2C","H2C",883073
"01H2E","H2E",885320
"01H2G","H2G",887567
"01H2H","H2H",889814
"01H2J","H2J",892061
"01H2K","H2K",894308
"01H2L","H2L",896555
"01H2M","H2M",898802
"01H2N","H2N",901049
"01H2P","H2P",903296
"01H2R","H2R",905543
"01H2S","H2S",907790
"01H2T","H2T",910037
"01H2V","H2V",912284
"01H2W","H2W",914531
"01H2X","H2X",916778
"01H2Y","H2Y",919025
"01H2Z","H2Z",921272
"01H3A","H3A",923519
"01H3B","H3B",925766
"01H3C","H3C",928013
"01H3E","H3E",930260
"01H3G","H3G",932507
"01H3H","H3H",934754
"01H3J","H3J",937001
"01H3K","H3K",939248
"01H3L","H3L",941495
"01H3M","H3M",943742
"01H3N","H3N",945989
"01H3P","H3P",948236
"01H3R","H3R",950483
"01H3S","H3S",952730
"01H3T","H3T",954977
"01H3V","H3V",957224
"01H3W","H3W",959471
"01H3X","H3X",961718
"01H3Y","H3Y",963965
"01H3Z","H3Z",966212
"01H4A","H4A",968459
"01H4B","H4B",970706
"01H4C","H4C",972953
"01H4E","H4E",975200
"01H4G","H4G",977447
"01H4H","H4H",979694
"01H4J","H4J",981941
"01H4K","H4K",984188
"01H4L","H4L",986435
"01H4M","H4M",988682
"01H4N","H4N",990929
"01H4P","H4P",993176
"01H4R","H4R",995423
"01H4S","H4S",997670
"01H4T","H4T",999917
"01H4V","H4V",1002164
"01H4W","H4W",1004411
"01H4X","H4X",1006658
"01H4Y","H4Y",1008905
"01H4Z","H4Z",1011152
"01H5A","H5A",1013399
"01H5B","H5B",1015646
"01H7A","H7A",1017893
"01H7B","H7B",1020140
"01H7C","H7C",1022387
"01H7E","H7E",1024634
"01H7G","H7G",1026881
"01H7H","H7H",1029128
"01H7J","H7J",1031375
"01H7K","H7K",1033622
"01H7L","H7L",1035869
"01H7M","H7M",1038116
"01H7N","H7N",1040363
"01H7P","H7P",1042610
"01H7R","H7R",1044857
"01H7S","H7S",1047104
"01H7T","H7T",1049351
"01H7V","H7V",1051598
"01H7W","H7W",1053845
"01H7X","H7X",1056092
"01H7Y","H7Y",1058339
"01H8N","H8N",1060586
"01H8P","H8P",1062833
"01H8R","H8R",1065080
"01H8S","H8S",1067327
"01H8T","H8T",1069574
"01H8Y","H8Y",1071821
"01H8Z","H8Z",1074068
"01H9A","H9A",1076315
"01H9B","H9B",1078562
"01H9C","H9C",1080809
"01H9E","H9E",1083056
"01H9G","H9G",1085303
"01H9H","H9H",1087550
"01H9J","H9J",1089797
"01H9K","H9K",1092044
"01H9P","H9P",1094291
"01H9R","H9R",1096538
"01H9S","H9S",1098785
"01H9W","H9W",1101032
"01H9X","H9X",1103279
"01J0A","J0A",1105526
"01J0B","J0B",1107773
"01J0C","J0C",1110020
"01J0E","J0E",1112267
"01J0G","J0G",1114514
"01J0H","J0H",1116761
"01J0J","J0J",1119008
"01J0K","J0K",1121255
"01J0L","J0L",1123502
"01J0M","J0M",1125749
"01J0N","J0N",1127996
"01J0P","J0P",1130243
"01J0R","J0R",1132490
"01J0S","J0S",1134737
"01J0T","J0T",1136984
"01J0V","J0V",1139231
"01J0W","J0W",1141478
"01J0X","J0X",1143725
"01J0Y","J0Y",1145972
"01J0Z","J0Z",1148219
"01J1A","J1A",1150466
"01J1C","J1C",1152713
"01J1E","J1E",1154960
"01J1G","J1G",1157207
"01J1H","J1H",1159454
"01J1J","J1J",1161701
"01J1K","J1K",1163948
"01J1L","J1L",1166195
"01J1M","J1M",1168442
"01J1N","J1N",1170689
"01J1R","J1R",1172936
"01J1S","J1S",1175183
"01J1T","J1T",1177430
"01J1X","J1X",1179677
"01J1Z","J1Z",1181924
"01J2A","J2A",1184171
"01J2B","J2B",1186418
"01J2C","J2C",1188665
"01J2E","J2E",1190912
"01J2G","J2G",1193159
"01J2H","J2H",1195406
"01J2J","J2J",1197653
"01J2K","J2K",1199900
"01J2L","J2L",1202147
"01J2M","J2M",1204394
"01J2N","J2N",1206641
"01J2R","J2R",1208888
"01J2S","J2S",1211135
"01J2T","J2T",1213382
"01J2W","J2W",1215629
"01J2X","J2X",1217876
"01J2Y","J2Y",1220123
"01J3A","J3A",1222370
"01J3B","J3B",1224617
"01J3E","J3E",1226864
"01J3G","J3G",1229111
"01J3H","J3H",1231358
"01J3L","J3L",1233605
"01J3M","J3M",1235852
"01J3N","J3N",1238099
"01J3P","J3P",1240346
"01J3R","J3R",1242593
"01J3T","J3T",1244840
"01J3V","J3V",1247087
"01J3X","J3X",1249334
"01J3Y","J3Y",1251581
"01J3Z","J3Z",1253828
"01J4B","J4B",1256075
"01J4G","J4G",1258322
"01J4H","J4H",1260569
"01J4J","J4J",1262816
"01J4K","J4K",1265063
"01J4L","J4L",1267310
"01J4M","J4M",1269557
"01J4N","J4N",1271804
"01J4P","J4P",1274051
"01J4R","J4R",1276298
"01J4S","J4S",1278545
"01J4T","J4T",1280792
"01J4V","J4V",1283039
"01J4W","J4W",1285286
"01J4X","J4X",1287533
"01J4Y","J4Y",1289780
"01J4Z","J4Z",1292027
"01J5A","J5A",1294274
"01J5B","J5B",1296521
"01J5C","J5C",1298768
"01J5J","J5J",1301015
"01J5K","J5K",1303262
"01J5L","J5L",1305509
"01J5M","J5M",1307756
"01J5R","J5R",1310003
"01J5T","J5T",1312250
"01J5V","J5V",1314497
"01J5W","J5W",1316744
"01J5X","J5X",1318991
"01J5Y","J5Y",1321238
"01J5Z","J5Z",1323485
"01J6A","J6A",1325732
"01J6E","J6E",1327979
"01J6J","J6J",1330226
"01J6K","J6K",1332473
"01J6N","J6N",1334720
"01J6R","J6R",1336967
"01J6S","J6S",1339214
"01J6T","J6T",1341461
"01J6V","J6V",1343708
"01J6W","J6W",1345955
"01J6X","J6X",1348202
"01J6Y","J6Y",1350449
"01J6Z","J6Z",1352696
"01J7A","J7A",1354943
"01J7B","J7B",1357190
"01J7C","J7C",1359437
"01J7E","J7E",1361684
"01J7G","J7G",1363931
"01J7H","J7H",1366178
"01J7J","J7J",1368425
"01J7K","J7K",1370672
"01J7L","J7L",1372919
"01J7M","J7M",1375166
"01J7N","J7N",1377413
"01J7P","J7P",1379660
"01J7R","J7R",1381907
"01J7T","J7T",1384154
"01J7V","J7V",1386401
"01J7W","J7W",1388648
"01J7X","J7X",1390895
"01J7Y","J7Y",1393142
"01J7Z","J7Z",1395389
"01J8A","J8A",1397636
"01J8B","J8B",1399883
"01J8C","J8C",1402130
"01J8E","J8E",1404377
"01J8G","J8G",1406624
"01J8H","J8H",1408871
"01J8L","J8L",1411118
"01J8M","J8M",1413365
"01J8N","J8N",1415612
"01J8P","J8P",1417859
"01J8R","J8R",1420106
"01J8T","J8T",1422353
"01J8V","J8V",1424600
"01J8X","J8X",1426847
"01J8Y","J8Y",1429094
"01J8Z","J8Z",1431341
"01J9A","J9A",1433588
"01J9B","J9B",1435835
"01J9E","J9E",1438082
"01J9H","J9H",1440329
"01J9J","J9J",1442576
"01J9L","J9L",1444823
"01J9P","J9P",1447070
"01J9T","J9T",1449317
"01J9V","J9V",1451564
"01J9X","J9X",1453811
"01J9Y","J9Y",1456058
"01J9Z","J9Z",1458305
"01K0A","K0A",1460552
"01K0B","K0B",1462799
"01K0C","K0C",1465046
"01K0E","K0E",1467293
"01K0G","K0G",1469540
"01K0H","K0H",1471787
"01K0J","K0J",1474034
"01K0K","K0K",1476281
"01K0L","K0L",1478528
"01K0M","K0M",1480775
"01K1A","K1A",1483022
"01K1B","K1B",1485269
"01K1C","K1C",1487516
"01K1E","K1E",1489763
"01K1G","K1G",1492010
"01K1H","K1H",1494257
"01K1J","K1J",1496504
"01K1K","K1K",1498751
"01K1L","K1L",1500998
"01K1M","K1M",1503245
"01K1N","K1N",1505492
"01K1P","K1P",1507739
"01K1R","K1R",1509986
"01K1S","K1S",1512233
"01K1T","K1T",1514480
"01K1V","K1V",1516727
"01K1W","K1W",1518974
"01K1X","K1X",1521221
"01K1Y","K1Y",1523468
"01K1Z","K1Z",1525715
"01K2A","K2A",1527962
"01K2B","K2B",1530209
"01K2C","K2C",1532456
"01K2E","K2E",1534703
"01K2G","K2G",1536950
"01K2H","K2H",1539197
"01K2J","K2J",1541444
"01K2K","K2K",1543691
"01K2L","K2L",1545938
"01K2M","K2M",1548185
"01K2P","K2P",1550432
"01K2R","K2R",1552679
"01K2S","K2S",1554926
"01K2T","K2T",1557173
"01K2V","K2V",1559420
"01K2W","K2W",1561667
"01K4A","K4A",1563914
"01K4B","K4B",1566161
"01K4C","K4C",1568408
"01K4K","K4K",1570655
"01K4M","K4M",1572902
"01K4P","K4P",1575149
"01K4R","K4R",1577396
"01K6A","K6A",1579643
"01K6H","K6H",1581890
"01K6J","K6J",1584137
"01K6K","K6K",1586384
"01K6T","K6T",1588631
"01K6V","K6V",1590878
"01K7A","K7A",1593125
"01K7C","K7C",1595372
"01K7G","K7G",1597619
"01K7H","K7H",1599866
"01K7K","K7K",1602113
"01K7L","K7L",1604360
"01K7M","K7M",1606607
"01K7N","K7N",1608854
"01K7P","K7P",1611101
"01K7R","K7R",1613348
"01K7S","K7S",1615595
"01K7V","K7V",1617842
"01K8A","K8A",1620089
"01K8B","K8B",1622336
"01K8H","K8H",1624583
"01K8N","K8N",1626830
"01K8P","K8P",1629077
"01K8R","K8R",1631324
"01K8V","K8V",1633571
"01K9A","K9A",1635818
"01K9H","K9H",1638065
"01K9J","K9J",1640312
"01K9K","K9K",1642559
"01K9L","K9L",1644806
"01K9V","K9V",1647053
"01L0A","L0A",1649300
"01L0B","L0B",1651547
"01L0C","L0C",1653794
"01L0E","L0E",1656041
"01L0G","L0G",1658288
"01L0H","L0H",1660535
"01L0J","L0J",1662782
"01L0K","L0K",1665029
"01L0L","L0L",1667276
"01L0M","L0M",1669523
"01L0N","L0N",1671770
"01L0P","L0P",1674017
"01L0R","L0R",1676264
"01L0S","L0S",1678511
"01L1A","L1A",1680758
"01L1B","L1B",1683005
"01L1C","L1C",1685252
"01L1E","L1E",1687499
"01L1G","L1G",1689746
"01L1H","L1H",1691993
"01L1J","L1J",1694240
"01L1K","L1K",1696487
"01L1L","L1L",1698734
"01L1M","L1M",1700981
"01L1N","L1N",1703228
"01L1P","L1P",1705475
"01L1R","L1R",1707722
"01L1S","L1S",1709969
"01L1T","L1T",1712216
"01L1V","L1V",1714463
"01L1W","L1W",1716710
"01L1X","L1X",1718957
"01L1Y","L1Y",1721204
"01L1Z","L1Z",1723451
"01L2A","L2A",1725698
"01L2E","L2E",1727945
"01L2G","L2G",1730192
"01L2H","L2H",1732439
"01L2J","L2J",1734686
"01L2M","L2M",1736933
"01L2N","L2N",1739180
"01L2P","L2P",1741427
"01L2R","L2R",1743674
"01L2S","L2S",1745921
"01L2T","L2T",1748168
"01L2V","L2V",1750415
"01L2W","L2W",1752662
"01L3B","L3B",1754909
"01L3C","L3C",1757156
"01L3K","L3K",1759403
"01L3M","L3M",1761650
"01L3P","L3P",1763897
"01L3R","L3R",1766144
"01L3S","L3S",1768391
"01L3T","L3T",1770638
"01L3V","L3V",1772885
"01L3X","L3X",1775132
"01L3Y","L3Y",1777379
"01L3Z","L3Z",1779626
"01L4A","L4A",1781873
"01L4B","L4B",1784120
"01L4C","L4C",1786367
"01L4E","L4E",1788614
"01L4G","L4G",1790861
"01L4H","L4H",1793108
"01L4J","L4J",1795355
"01L4K","L4K",1797602
"01L4L","L4L",1799849
"01L4M","L4M",1802096
"01L4N","L4N",1804343
"01L4P","L4P",1806590
"01L4R","L4R",1808837
"01L4S","L4S",1811084
"01L4T","L4T",1813331
"01L4V","L4V",1815578
"01L4W","L4W",1817825
"01L4X","L4X",1820072
"01L4Y","L4Y",1822319
"01L4Z","L4Z",1824566
"01L5A","L5A",1826813
"01L5B","L5B",1829060
"01L5C","L5C",1831307
"01L5E","L5E",1833554
"01L5G","L5G",1835801
"01L5H","L5H",1838048
"01L5J","L5J",1840295
"01L5K","L5K",1842542
"01L5L","L5L",1844789
"01L5M","L5M",1847036
"01L5N","L5N",1849283
"01L5R","L5R",1851530
"01L5S","L5S",1853777
"01L5T","L5T",1856024
"01L5V","L5V",1858271
"01L5W","L5W",1860518
"01L6A","L6A",1862765
"01L6B","L6B",1865012
"01L6C","L6C",1867259
"01L6E","L6E",1869506
"01L6G","L6G",1871753
"01L6H","L6H",1874000
"01L6J","L6J",1876247
"01L6K","L6K",1878494
"01L6L","L6L",1880741
"01L6M","L6M",1882988
"01L6P","L6P",1885235
"01L6R","L6R",1887482
"01L6S","L6S",1889729
"01L6T","L6T",1891976
"01L6V","L6V",1894223
"01L6W","L6W",1896470
"01L6X","L6X",1898717
"01L6Y","L6Y",1900964
"01L6Z","L6Z",1903211
"01L7A","L7A",1905458
"01L7B","L7B",1907705
"01L7C","L7C",1909952
"01L7E","L7E",1912199
"01L7G","L7G",1914446
"01L7J","L7J",1916693
"01L7K","L7K",1918940
"01L7L","L7L",1921187
"01L7M","L7M",1923434
"01L7N","L7N",1925681
"01L7P","L7P",1927928
"01L7R","L7R",1930175
"01L7S","L7S",1932422
"01L7T","L7T",1934669
"01L8E","L8E",1936916
"01L8G","L8G",1939163
"01L8H","L8H",1941410
"01L8J","L8J",1943657
"01L8K","L8K",1945904
"01L8L","L8L",1948151
"01L8M","L8M",1950398
"01L8N","L8N",1952645
"01L8P","L8P",1954892
"01L8R","L8R",1957139
"01L8S","L8S",1959386
"01L8T","L8T",1961633
"01L8V","L8V",1963880
"01L8W","L8W",1966127
"01L9A","L9A",1968374
"01L9B","L9B",1970621
"01L9C","L9C",1972868
"01L9E","L9E",1975115
"01L9G","L9G",1977362
"01L9H","L9H",1979609
"01L9J","L9J",1981856
"01L9K","L9K",1984103
"01L9L","L9L",1986350
"01L9M","L9M",1988597
"01L9N","L9N",1990844
"01L9P","L9P",1993091
"01L9R","L9R",1995338
"01L9S","L9S",1997585
"01L9T","L9T",1999832
"01L9V","L9V",2002079
"01L9W","L9W",2004326
"01L9Y","L9Y",2006573
"01L9Z","L9Z",2008820
"01M1B","M1B",2011067
"01M1C","M1C",2013314
"01M1E","M1E",2015561
"01M1G","M1G",2017808
"01M1H","M1H",2020055
"01M1J","M1J",2022302
"01M1K","M1K",2024549
"01M1L","M1L",2026796
"01M1M","M1M",2029043
"01M1N","M1N",2031290
"01M1P","M1P",2033537
"01M1R","M1R",2035784
"01M1S","M1S",2038031
"01M1T","M1T",2040278
"01M1V","M1V",2042525
"01M1W","M1W",2044772
"01M1X","M1X",2047019
"01M2H","M2H",2049266
"01M2J","M2J",2051513
"01M2K","M2K",2053760
"01M2L","M2L",2056007
"01M2M","M2M",2058254
"01M2N","M2N",2060501
"01M2P","M2P",2062748
"01M2R","M2R",2064995
"01M3A","M3A",2067242
"01M3B","M3B",2069489
"01M3C","M3C",2071736
"01M3H","M3H",2073983
"01M3J","M3J",2076230
"01M3K","M3K",2078477
"01M3L","M3L",2080724
"01M3M","M3M",2082971
"01M3N","M3N",2085218
"01M4A","M4A",2087465
"01M4B","M4B",2089712
"01M4C","M4C",2091959
"01M4E","M4E",2094206
"01M4G","M4G",2096453
"01M4H","M4H",2098700
"01M4J","M4J",2100947
"01M4K","M4K",2103194
"01M4L","M4L",2105441
"01M4M","M4M",2107688
"01M4N","M4N",2109935
"01M4P","M4P",2112182
"01M4R","M4R",2114429
"01M4S","M4S",2116676
"01M4T","M4T",2118923
"01M4V","M4V",2121170
"01M4W","M4W",2123417
"01M4X","M4X",2125664
"01M4Y","M4Y",2127911
"01M5A","M5A",2130158
"01M5B","M5B",2132405
"01M5C","M5C",2134652
"01M5E","M5E",2136899
"01M5G","M5G",2139146
"01M5H","M5H",2141393
"01M5J","M5J",2143640
"01M5K","M5K",2145887
"01M5L","M5L",2148134
"01M5M","M5M",2150381
"01M5N","M5N",2152628
"01M5P","M5P",2154875
"01M5R","M5R",2157122
"01M5S","M5S",2159369
"01M5T","M5T",2161616
"01M5V","M5V",2163863
"01M5W","M5W",2166110
"01M5X","M5X",2168357
"01M6A","M6A",2170604
"01M6B","M6B",2172851
"01M6C","M6C",2175098
"01M6E","M6E",2177345
"01M6G","M6G",2179592
"01M6H","M6H",2181839
"01M6J","M6J",2184086
"01M6K","M6K",2186333
"01M6L","M6L",2188580
"01M6M","M6M",2190827
"01M6N","M6N",2193074
"01M6P","M6P",2195321
"01M6R","M6R",2197568
"01M6S","M6S",2199815
"01M7A","M7A",2202062
"01M7Y","M7Y",2204309
"01M8V","M8V",2206556
"01M8W","M8W",2208803
"01M8X","M8X",2211050
"01M8Y","M8Y",2213297
"01M8Z","M8Z",2215544
"01M9A","M9A",2217791
"01M9B","M9B",2220038
"01M9C","M9C",2222285
"01M9L","M9L",2224532
"01M9M","M9M",2226779
"01M9N","M9N",2229026
"01M9P","M9P",2231273
"01M9R","M9R",2233520
"01M9V","M9V",2235767
"01M9W","M9W",2238014
"01N0A","N0A",2240261
"01N0B","N0B",2242508
"01N0C","N0C",2244755
"01N0E","N0E",2247002
"01N0G","N0G",2249249
"01N0H","N0H",2251496
"01N0J","N0J",2253743
"01N0K","N0K",2255990
"01N0L","N0L",2258237
"01N0M","N0M",2260484
"01N0N","N0N",2262731
"01N0P","N0P",2264978
"01N0R","N0R",2267225
"01N1A","N1A",2269472
"01N1C","N1C",2271719
"01N1E","N1E",2273966
"01N1G","N1G",2276213
"01N1H","N1H",2278460
"01N1K","N1K",2280707
"01N1L","N1L",2282954
"01N1M","N1M",2285201
"01N1P","N1P",2287448
"01N1R","N1R",2289695
"01N1S","N1S",2291942
"01N1T","N1T",2294189
"01N2A","N2A",2296436
"01N2B","N2B",2298683
"01N2C","N2C",2300930
"01N2E","N2E",2303177
"01N2G","N2G",2305424
"01N2H","N2H",2307671
"01N2J","N2J",2309918
"01N2K","N2K",2312165
"01N2L","N2L",2314412
"01N2M","N2M",2316659
"01N2N","N2N",2318906
"01N2P","N2P",2321153
"01N2R","N2R",2323400
"01N2T","N2T",2325647
"01N2V","N2V",2327894
"01N2Z","N2Z",2330141
"01N3A","N3A",2332388
"01N3B","N3B",2334635
"01N3C","N3C",2336882
"01N3E","N3E",2339129
"01N3H","N3H",2341376
"01N3L","N3L",2343623
"01N3P","N3P",2345870
"01N3R","N3R",2348117
"01N3S","N3S",2350364
"01N3T","N3T",2352611
"01N3V","N3V",2354858
"01N3W","N3W",2357105
"01N3Y","N3Y",2359352
"01N4B","N4B",2361599
"01N4G","N4G",2363846
"01N4K","N4K",2366093
"01N4L","N4L",2368340
"01N4N","N4N",2370587
"01N4S","N4S",2372834
"01N4T","N4T",2375081
"01N4V","N4V",2377328
"01N4W","N4W",2379575
"01N4X","N4X",2381822
"01N4Z","N4Z",2384069
"01N5A","N5A",2386316
"01N5C","N5C",2388563
"01N5H","N5H",2390810
"01N5L","N5L",2393057
"01N5P","N5P",2395304
"01N5R","N5R",2397551
"01N5V","N5V",2399798
"01N5W","N5W",2402045
"01N5X","N5X",2404292
"01N5Y","N5Y",2406539
"01N5Z","N5Z",2408786
"01N6A","N6A",2411033
"01N6B","N6B",2413280
"01N6C","N6C",2415527
"01N6E","N6E",2417774
"01N6G","N6G",2420021
"01N6H","N6H",2422268
"01N6J","N6J",2424515
"01N6K","N6K",2426762
"01N6L","N6L",2429009
"01N6M","N6M",2431256
"01N6N","N6N",2433503
"01N6P","N6P",2435750
"01N7A","N7A",2437997
"01N7G","N7G",2440244
"01N7L","N7L",2442491
"01N7M","N7M",2444738
"01N7S","N7S",2446985
"01N7T","N7T",2449232
"01N7V","N7V",2451479
"01N7W","N7W",2453726
"01N7X","N7X",2455973
"01N8A","N8A",2458220
"01N8H","N8H",2460467
"01N8M","N8M",2462714
"01N8N","N8N",2464961
"01N8P","N8P",2467208
"01N8R","N8R",2469455
"01N8S","N8S",2471702
"01N8T","N8T",2473949
"01N8W","N8W",2476196
"01N8X","N8X",2478443
"01N8Y","N8Y",2480690
"01N9A","N9A",2482937
"01N9B","N9B",2485184
"01N9C","N9C",2487431
"01N9E","N9E",2489678
"01N9G","N9G",2491925
"01N9H","N9H",2494172
"01N9J","N9J",2496419
"01N9K","N9K",2498666
"01N9V","N9V",2500913
"01N9Y","N9Y",2503160
"01P0A","P0A",2505407
"01P0B","P0B",2507654
"01P0C","P0C",2509901
"01P0E","P0E",2512148
"01P0G","P0G",2514395
"01P0H","P0H",2516642
"01P0J","P0J",2518889
"01P0K","P0K",2521136
"01P0L","P0L",2523383
"01P0M","P0M",2525630
"01P0N","P0N",2527877
"01P0P","P0P",2530124
"01P0R","P0R",2532371
"01P0S","P0S",2534618
"01P0T","P0T",2536865
"01P0V","P0V",2539112
"01P0W","P0W",2541359
"01P0X","P0X",2543606
"01P0Y","P0Y",2545853
"01P1A","P1A",2548100
"01P1B","P1B",2550347
"01P1C","P1C",2552594
"01P1H","P1H",2554841
"01P1L","P1L",2557088
"01P1P","P1P",2559335
"01P2A","P2A",2561582
"01P2B","P2B",2563829
"01P2N","P2N",2566076
"01P3A","P3A",2568323
"01P3B","P3B",2570570
"01P3C","P3C",2572817
"01P3E","P3E",2575064
"01P3G","P3G",2577311
"01P3L","P3L",2579558
"01P3N","P3N",2581805
"01P3P","P3P",2584052
"01P3Y","P3Y",2586299
"01P4N","P4N",2588546
"01P4P","P4P",2590793
"01P4R","P4R",2593040
"01P5A","P5A",2595287
"01P5E","P5E",2597534
"01P5N","P5N",2599781
"01P6A","P6A",2602028
"01P6B","P6B",2604275
"01P6C","P6C",2606522
"01P7A","P7A",2608769
"01P7B","P7B",2611016
"01P7C","P7C",2613263
"01P7E","P7E",2615510
"01P7G","P7G",2617757
"01P7J","P7J",2620004
"01P7K","P7K",2622251
"01P7L","P7L",2624498
"01P8N","P8N",2626745
"01P8T","P8T",2628992
"01P9A","P9A",2631239
"01P9N","P9N",2633486
"01R0A","R0A",2635733
"01R0B","R0B",2637980
"01R0C","R0C",2640227
"01R0E","R0E",2642474
"01R0G","R0G",2644721
"01R0H","R0H",2646968
"01R0J","R0J",2649215
"01R0K","R0K",2651462
"01R0L","R0L",2653709
"01R0M","R0M",2655956
"01R1A","R1A",2658203
"01R1B","R1B",2660450
"01R1C","R1C",2662697
"01R1N","R1N",2664944
"01R2C","R2C",2667191
"01R2E","R2E",2669438
"01R2G","R2G",2671685
"01R2H","R2H",2673932
"01R2J","R2J",2676179
"01R2K","R2K",2678426
"01R2L","R2L",2680673
"01R2M","R2M",2682920
"01R2N","R2N",2685167
"01R2P","R2P",2687414
"01R2R","R2R",2689661
"01R2V","R2V",2691908
"01R2W","R2W",2694155
"01R2X","R2X",2696402
"01R2Y","R2Y",2698649
"01R3A","R3A",2700896
"01R3B","R3B",2703143
"01R3C","R3C",2705390
"01R3E","R3E",2707637
"01R3G","R3G",2709884
"01R3H","R3H",2712131
"01R3J","R3J",2714378
"01R3K","R3K",2716625
"01R3L","R3L",2718872
"01R3M","R3M",2721119
"01R3N","R3N",2723366
"01R3P","R3P",2725613
"01R3R","R3R",2727860
"01R3S","R3S",2730107
"01R3T","R3T",2732354
"01R3V","R3V",2734601
"01R3W","R3W",2736848
"01R3X","R3X",2739095
"01R3Y","R3Y",2741342
"01R4A","R4A",2743589
"01R4G","R4G",2745836
"01R4H","R4H",2748083
"01R4J","R4J",2750330
"01R4K","R4K",2752577
"01R4L","R4L",2754824
"01R5A","R5A",2757071
"01R5G","R5G",2759318
"01R5H","R5H",2761565
"01R6M","R6M",2763812
"01R6W","R6W",2766059
"01R7A","R7A",2768306
"01R7B","R7B",2770553
"01R7C","R7C",2772800
"01R7N","R7N",2775047
"01R8A","R8A",2777294
"01R8N","R8N",2779541
"01R9A","R9A",2781788
"01S0A","S0A",2784035
"01S0C","S0C",2786282
"01S0E","S0E",2788529
"01S0G","S0G",2790776
"01S0H","S0H",2793023
"01S0J","S0J",2795270
"01S0K","S0K",2797517
"01S0L","S0L",2799764
"01S0M","S0M",2802011
"01S0N","S0N",2804258
"01S0P","S0P",2806505
"01S2V","S2V",2808752
"01S3N","S3N",2810999
"01S4A","S4A",2813246
"01S4H","S4H",2815493
"01S4L","S4L",2817740
"01S4M","S4M",2819987
"01S4N","S4N",2822234
"01S4P","S4P",2824481
"01S4R","S4R",2826728
"01S4S","S4S",2828975
"01S4T","S4T",2831222
"01S4V","S4V",2833469
"01S4W","S4W",2835716
"01S4X","S4X",2837963
"01S4Y","S4Y",2840210
"01S4Z","S4Z",2842457
"01S6H","S6H",2844704
"01S6J","S6J",2846951
"01S6K","S6K",2849198
"01S6V","S6V",2851445
"01S6W","S6W",2853692
"01S6X","S6X",2855939
"01S7H","S7H",2858186
"01S7J","S7J",2860433
"01S7K","S7K",2862680
"01S7L","S7L",2864927
"01S7M","S7M",2867174
"01S7N","S7N",2869421
"01S7P","S7P",2871668
"01S7R","S7R",2873915
"01S7S","S7S",2876162
"01S7T","S7T",2878409
"01S7V","S7V",2880656
"01S7W","S7W",2882903
"01S9A","S9A",2885150
"01S9H","S9H",2887397
"01S9V","S9V",2889644
"01S9X","S9X",2891891
"01T0A","T0A",2894138
"01T0B","T0B",2896385
"01T0C","T0C",2898632
"01T0E","T0E",2900879
"01T0G","T0G",2903126
"01T0H","T0H",2905373
"01T0J","T0J",2907620
"01T0K","T0K",2909867
"01T0L","T0L",2912114
"01T0M","T0M",2914361
"01T0P","T0P",2916608
"01T0V","T0V",2918855
"01T1A","T1A",2921102
"01T1B","T1B",2923349
"01T1C","T1C",2925596
"01T1G","T1G",2927843
"01T1H","T1H",2930090
"01T1J","T1J",2932337
"01T1K","T1K",2934584
"01T1L","T1L",2936831
"01T1M","T1M",2939078
"01T1P","T1P",2941325
"01T1R","T1R",2943572
"01T1S","T1S",2945819
"01T1V","T1V",2948066
"01T1W","T1W",2950313
"01T1X","T1X",2952560
"01T1Y","T1Y",2954807
"01T1Z","T1Z",2957054
"01T2A","T2A",2959301
"01T2B","T2B",2961548
"01T2C","T2C",2963795
"01T2E","T2E",2966042
"01T2G","T2G",2968289
"01T2H","T2H",2970536
"01T2J","T2J",2972783
"01T2K","T2K",2975030
"01T2L","T2L",2977277
"01T2M","T2M",2979524
"01T2N","T2N",2981771
"01T2P","T2P",2984018
"01T2R","T2R",2986265
"01T2S","T2S",2988512
"01T2T","T2T",2990759
"01T2V","T2V",2993006
"01T2W","T2W",2995253
"01T2X","T2X",2997500
"01T2Y","T2Y",2999747
"01T2Z","T2Z",3001994
"01T3A","T3A",3004241
"01T3B","T3B",3006488
"01T3C","T3C",3008735
"01T3E","T3E",3010982
"01T3G","T3G",3013229
"01T3H","T3H",3015476
"01T3J","T3J",3017723
"01T3K","T3K",3019970
"01T3L","T3L",3022217
"01T3M","T3M",3024464
"01T3N","T3N",3026711
"01T3P","T3P",3028958
"01T3R","T3R",3031205
"01T3S","T3S",3033452
"01T3Z","T3Z",3035699
"01T4A","T4A",3037946
"01T4B","T4B",3040193
"01T4C","T4C",3042440
"01T4E","T4E",3044687
"01T4G","T4G",3046934
"01T4H","T4H",3049181
"01T4J","T4J",3051428
"01T4L","T4L",3053675
"01T4M","T4M",3055922
"01T4N","T4N",3058169
"01T4P","T4P",3060416
"01T4R","T4R",3062663
"01T4S","T4S",3064910
"01T4T","T4T",3067157
"01T4V","T4V",3069404
"01T4X","T4X",3071651
"01T5A","T5A",3073898
"01T5B","T5B",3076145
"01T5C","T5C",3078392
"01T5E","T5E",3080639
"01T5G","T5G",3082886
"01T5H","T5H",3085133
"01T5J","T5J",3087380
"01T5K","T5K",3089627
"01T5L","T5L",3091874
"01T5M","T5M",3094121
"01T5N","T5N",3096368
"01T5P","T5P",3098615
"01T5R","T5R",3100862
"01T5S","T5S",3103109
"01T5T","T5T",3105356
"01T5V","T5V",3107603
"01T5W","T5W",3109850
"01T5X","T5X",3112097
"01T5Y","T5Y",3114344
"01T5Z","T5Z",3116591
"01T6A","T6A",3118838
"01T6B","T6B",3121085
"01T6C","T6C",3123332
"01T6E","T6E",3125579
"01T6G","T6G",3127826
"01T6H","T6H",3130073
"01T6J","T6J",3132320
"01T6K","T6K",3134567
"01T6L","T6L",3136814
"01T6M","T6M",3139061
"01T6N","T6N",3141308
"01T6P","T6P",3143555
"01T6R","T6R",3145802
"01T6S","T6S",3148049
"01T6T","T6T",3150296
"01T6V","T6V",3152543
"01T6W","T6W",3154790
"01T6X","T6X",3157037
"01T7A","T7A",3159284
"01T7E","T7E",3161531
"01T7N","T7N",3163778
"01T7P","T7P",3166025
"01T7S","T7S",3168272
"01T7V","T7V",3170519
"01T7X","T7X",3172766
"01T7Y","T7Y",3175013
"01T7Z","T7Z",3177260
"01T8A","T8A",3179507
"01T8B","T8B",3181754
"01T8C","T8C",3184001
"01T8E","T8E",3186248
"01T8G","T8G",3188495
"01T8H","T8H",3190742
"01T8L","T8L",3192989
"01T8N","T8N",3195236
"01T8R","T8R",3197483
"01T8S","T8S",3199730
"01T8T","T8T",3201977
"01T8V","T8V",3204224
"01T8W","T8W",3206471
"01T8X","T8X",3208718
"01T9A","T9A",3210965
"01T9C","T9C",3213212
"01T9E","T9E",3215459
"01T9G","T9G",3217706
"01T9H","T9H",3219953
"01T9J","T9J",3222200
"01T9K","T9K",3224447
"01T9M","T9M",3226694
"01T9N","T9N",3228941
"01T9S","T9S",3231188
"01T9V","T9V",3233435
"01T9W","T9W",3235682
"01T9X","T9X",3237929
"01V0A","V0A",3240176
"01V0B","V0B",3242423
"01V0C","V0C",3244670
"01V0E","V0E",3246917
"01V0G","V0G",3249164
"01V0H","V0H",3251411
"01V0J","V0J",3253658
"01V0K","V0K",3255905
"01V0L","V0L",3258152
"01V0M","V0M",3260399
"01V0N","V0N",3262646
"01V0P","V0P",3264893
"01V0R","V0R",3267140
"01V0S","V0S",3269387
"01V0T","V0T",3271634
"01V0V","V0V",3273881
"01V0W","V0W",3276128
"01V0X","V0X",3278375
"01V1A","V1A",3280622
"01V1B","V1B",3282869
"01V1C","V1C",3285116
"01V1E","V1E",3287363
"01V1G","V1G",3289610
"01V1H","V1H",3291857
"01V1J","V1J",3294104
"01V1K","V1K",3296351
"01V1L","V1L",3298598
"01V1M","V1M",3300845
"01V1N","V1N",3303092
"01V1P","V1P",3305339
"01V1R","V1R",3307586
"01V1S","V1S",3309833
"01V1T","V1T",3312080
"01V1V","V1V",3314327
"01V1W","V1W",3316574
"01V1X","V1X",3318821
"01V1Y","V1Y",3321068
"01V1Z","V1Z",3323315
"01V2A","V2A",3325562
"01V2B","V2B",3327809
"01V2C","V2C",3330056
"01V2E","V2E",3332303
"01V2G","V2G",3334550
"01V2H","V2H",3336797
"01V2J","V2J",3339044
"01V2K","V2K",3341291
"01V2L","V2L",3343538
"01V2M","V2M",3345785
"01V2N","V2N",3348032
"01V2P","V2P",3350279
"01V2R","V2R",3352526
"01V2S","V2S",3354773
"01V2T","V2T",3357020
"01V2V","V2V",3359267
"01V2W","V2W",3361514
"01V2X","V2X",3363761
"01V2Y","V2Y",3366008
"01V2Z","V2Z",3368255
"01V3A","V3A",3370502
"01V3B","V3B",3372749
"01V3C","V3C",3374996
"01V3E","V3E",3377243
"01V3G","V3G",3379490
"01V3H","V3H",3381737
"01V3J","V3J",3383984
"01V3K","V3K",3386231
"01V3L","V3L",3388478
"01V3M","V3M",3390725
"01V3N","V3N",3392972
"01V3R","V3R",3395219
"01V3S","V3S",3397466
"01V3T","V3T",3399713
"01V3V","V3V",3401960
"01V3W","V3W",3404207
"01V3X","V3X",3406454
"01V3Y","V3Y",3408701
"01V3Z","V3Z",3410948
"01V4A","V4A",3413195
"01V4B","V4B",3415442
"01V4C","V4C",3417689
"01V4E","V4E",3419936
"01V4G","V4G",3422183
"01V4K","V4K",3424430
"01V4L","V4L",3426677
"01V4M","V4M",3428924
"01V4N","V4N",3431171
"01V4P","V4P",3433418
"01V4R","V4R",3435665
"01V4S","V4S",3437912
"01V4T","V4T",3440159
"01V4V","V4V",3442406
"01V4W","V4W",3444653
"01V4X","V4X",3446900
"01V4Z","V4Z",3449147
"01V5A","V5A",3451394
"01V5B","V5B",3453641
"01V5C","V5C",3455888
"01V5E","V5E",3458135
"01V5G","V5G",3460382
"01V5H","V5H",3462629
"01V5J","V5J",3464876
"01V5K","V5K",3467123
"01V5L","V5L",3469370
"01V5M","V5M",3471617
"01V5N","V5N",3473864
"01V5P","V5P",3476111
"01V5R","V5R",3478358
"01V5S","V5S",3480605
"01V5T","V5T",3482852
"01V5V","V5V",3485099
"01V5W","V5W",3487346
"01V5X","V5X",3489593
"01V5Y","V5Y",3491840
"01V5Z","V5Z",3494087
"01V6A","V6A",3496334
"01V6B","V6B",3498581
"01V6C","V6C",3500828
"01V6E","V6E",3503075
"01V6G","V6G",3505322
"01V6H","V6H",3507569
"01V6J","V6J",3509816
"01V6K","V6K",3512063
"01V6L","V6L",3514310
"01V6M","V6M",3516557
"01V6N","V6N",3518804
"01V6P","V6P",3521051
"01V6R","V6R",3523298
"01V6S","V6S",3525545
"01V6T","V6T",3527792
"01V6V","V6V",3530039
"01V6W","V6W",3532286
"01V6X","V6X",3534533
"01V6Y","V6Y",3536780
"01V6Z","V6Z",3539027
"01V7A","V7A",3541274
"01V7B","V7B",3543521
"01V7C","V7C",3545768
"01V7E","V7E",3548015
"01V7G","V7G",3550262
"01V7H","V7H",3552509
"01V7J","V7J",3554756
"01V7K","V7K",3557003
"01V7L","V7L",3559250
"01V7M","V7M",3561497
"01V7N","V7N",3563744
"01V7P","V7P",3565991
"01V7R","V7R",3568238
"01V7S","V7S",3570485
"01V7T","V7T",3572732
"01V7V","V7V",3574979
"01V7W","V7W",3577226
"01V7X","V7X",3579473
"01V7Y","V7Y",3581720
"01V8A","V8A",3583967
"01V8B","V8B",3586214
"01V8C","V8C",3588461
"01V8G","V8G",3590708
"01V8J","V8J",3592955
"01V8K","V8K",3595202
"01V8L","V8L",3597449
"01V8M","V8M",3599696
"01V8N","V8N",3601943
"01V8P","V8P",3604190
"01V8R","V8R",3606437
"01V8S","V8S",3608684
"01V8T","V8T",3610931
"01V8V","V8V",3613178
"01V8W","V8W",3615425
"01V8X","V8X",3617672
"01V8Y","V8Y",3619919
"01V8Z","V8Z",3622166
"01V9A","V9A",3624413
"01V9B","V9B",3626660
"01V9C","V9C",3628907
"01V9E","V9E",3631154
"01V9G","V9G",3633401
"01V9H","V9H",3635648
"01V9J","V9J",3637895
"01V9K","V9K",3640142
"01V9L","V9L",3642389
"01V9M","V9M",3644636
"01V9N","V9N",3646883
"01V9P","V9P",3649130
"01V9R","V9R",3651377
"01V9S","V9S",3653624
"01V9T","V9T",3655871
"01V9V","V9V",3658118
"01V9W","V9W",3660365
"01V9X","V9X",3662612
"01V9Y","V9Y",3664859
"01V9Z","V9Z",3667106
"01X0A","X0A",3669353
"01X0B","X0B",3671600
"01X0C","X0C",3673847
"01X0E","X0E",3676094
"01X0G","X0G",3678341
"01X1A","X1A",3680588
"01Y0A","Y0A",3682835
"01Y0B","Y0B",3685082
"01Y1A","Y1A",3687329
